peering DB id,PP Count,IX Count,Inflect IDs,Data Center Owner,Marketing Name,name,DC Code,address1,address2,campus,notes,city,zipcode,state,country,npanxx,peeringDB owner_id,clli,Future Planned DC,rencode,Retired DC,Not Found,Data Source URL
,,,,Level3,,Birmingham 1,,2001 Park Place North,,,,Birmingham,35203,AL,USA,,,,,,,,
,,,,Level3,,Birmingham 2,,401 S 6th St,,,,Birmingham,35205,AL,USA,,,,,,,,
,,,,Level3,,Mobile 1,,50 N. Lawrence Street,,,,Mobile,36602,AL,USA,,,,,,,,
,,,,Level3,,Phoenix 2,,17 E. Virginia Avenue,,,,Phoenix,85004,AZ,USA,,,,,,,,
,,,,Level3,,Phoenix 3,,801 S 16th Street,1st Floor,,,Phoenix,85034,AZ,USA,,,,,,,,
,,,,Level3,,Phoenix 1,,811 S. 16th Street ,,,,Phoenix,85034,AZ,USA,,,,,,,,
,,,,Level3,,Tucson 1,,135 N. 6th Avenue,,,,Tucson,85701,AZ,USA,,,,,,,,
,,,,Level3,,Anaheim 1,,2461 W. La Palma Avenue,,,,Anaheim,92801,CA,USA,,,,,,,,
,,,,Level3,,Bakersfield 1,,2020 P Street,,,,Bakersfield,93311,CA,USA,,,,,,,,
,,,,Level3,,Emeryville 1,,5000 Hollis Street,,,,Emeryville,94608,CA,USA,,,,,,,,
,,,,Level3,,Fresno 1,,305 W. Napa Ave,,,,Fresno,93706,CA,USA,,,,,,,,
,,,,Level3,,Hayward 1,,23965 Conneticut St,,,,Hayward,94545,CA,USA,,,,,,,,
,,,,Level3,,Los Angeles 4,,600 Wilshire Blvd,,,,Los Angeles,90017,CA,USA,,,,,,,,
,,,,Level3,,Los Angeles 1,,818 W. 7th Street,"3rd Floor, 10th Floor",,,Los Angeles,90017,CA,USA,,,,,,,,
,,,,Level3,,Manchester 1,,19700 S Highway 1,,,,Manchester,95459,CA,USA,,,,,,,,
,,,,Level3,,Modesto 1,,1224 13th Street,,,,Modesto,95354,CA,USA,,,,,,,,
,,,,Level3,,Riverside 1,,1550 Marlborough Avenue,Suite 100,,,Riverside,92507,CA,USA,,,,,,,,
,,,,Level3,,Sacramento 2,,1005 North B Street,,,,Sacramento,95814,CA,USA,,,,,,,,
,,,,Level3,,Sacramento 1,,1075 Triangle Court ,,,,Sacramento,95691,CA,USA,,,,,,,,
,,,,Level3,,Sacramento 3,,1303 J Street,7th Floor,,,Sacramento,95814,CA,USA,,,,,,,,
,,,,Level3,,San Bernardino 1,,5705 Industrial Parkway,,,,San Bernardino,92407,CA,USA,,,,,,,,
,,,,Level3,,San Diego 3,,3180 University Avenue,4th - 5th Floor,,,San Diego,92104,CA,USA,,,,,,,,
,,,,Level3,,San Diego 2,,8923 Complex Drive,,,,San Diego,92123,CA,USA,,,,,,,,
,,,,Level3,,San Diego 1,,8929 Aero Drive,,,,San Diego,92123,CA,USA,,,,,,,,
,,,,Level3,,San Francisco 1,,185 Berry Street,Suite 2900,,,San Francisco,94158,CA,USA,,,,,,,,
,,,,Level3,,San Francisco 3,,200 Paul Avenue,Suite 401,,,San Francisco,94124,CA,USA,,,,,,,,
,,,,Level3,,San Jose 1,,1741 Technology Drive,Suite 100,,,San Jose,95110,CA,USA,,,,,,,,
,,,,Level3,,San Luis Obispo 1,,775 Capitolio Way,,,,San Luis Obispo,93401,CA,USA,,,,,,,,
,,,,Level3,,Santa Barbara 1,,122 Helena Ave,,,,Santa Barbara,93101,CA,USA,,,,,,,,
,,,,Level3,,Santa Clara 1,,3045 Raymond Street,1st Floor,,,Santa Clara,95054,CA,USA,,,,,,,,
,,,,Level3,,Santa Clara 2,,3045 Raymond Street,2nd Floor,,,Santa Clara,95054,CA,USA,,,,,,,,
,,,,Level3,,Sunnyvale 1,,1380 Kifer Road,,,,Sunnyvale,94086,CA,USA,,,,,,,,
,,,,Level3,,Sunnyvale 3,,444 Toyama Drive,2nd Floor,,,Sunnyvale,94089,CA,USA,,,,,,,,
,,,,Level3,,Tustin 1,,14452 Franklin Avenue ,,,,Tustin,92780,CA,USA,,,,,,,,
,,,,Level3,,Toronto 1,,8 Garamond Court ,,,,Toronto,M3C 1Z4,Ontario,Canada,,,,,,,,
,,,,Level3,,Aurora 1,,23901 E 6TH AVE,,,,Aurora,80018,CO,USA,,,,,,,,
,,,,Level3,,Colorado Springs 2,,102 S Tejon Street,Suite 520,,,Colorado Springs,80903,CO,USA,,,,,,,,
,,,,Level3,,Denver 1,,1850 Pearl Street,"Garden Level, 2nd Floor",,,Denver,80203,CO,USA,,,,,,,,
,,,,Level3,,Denver 2,,910 15th Street,6th Floor,,,Denver,80202,CO,USA,,,,,,,,
,,,,Level3,,Denver 3,,910 15th Street,7th Floor,,,Denver,80202,CO,USA,,,,,,,,
,,,,Level3,,Denver 4,,950 17th Street,11th Floor,,,Denver,80202,CO,USA,,,,,,,,
,,,,Level3,,Hartford 1,,155 Locust Street,,,,Hartford,6114,CT,USA,,,,,,,,
,,,,Level3,,New Haven 1,,54 Meadow Street,,,,New Haven,6519,CT,USA,,,,,,,,
,,,,Level3,,Stamford 1,,21 Harborview,,,,Stamford,6902,CT,USA,,,,,,,,
,,,,Level3,,"Washington, DC 1",,1120 Vermont Avenue NW,1st Floor,,,Washington,20005,DC,USA,,,,,,,,
,,,,Level3,,"Washington, DC 2",,1220 L Street NW,Suite 200,,,Washington,20005,DC,USA,,,,,,,,
,,,,Level3,,"Washington, DC 4",,1828 L ST NW,Suite 550,,,Washington,20036,DC,USA,,,,,,,,
,,,,Level3,,Newark (DE) 1,,504 Interchange Blvd,,,,Newark,19711,DE,USA,,,,,,,,
,,,,Level3,,Wilmington 1,,1603 North Jessup Street,,,,Wilmington,19802,DE,USA,,,,,,,,
,,,,Level3,,Daytona Beach 1,,111 N Segrave Street,,,,Daytona Beach,32114,FL,USA,,,,,,,,
,,,,Level3,,Ft Lauderdale 1,,200 NW 2nd Street,,,,Ft. Lauderdale,33311,FL,USA,,,,,,,,
,,,,Level3,,Fort Myers 1,,1547 Seaboard Street,,,,Ft. Myers,33916,FL,USA,,,,,,,,
,,,,Level3,,Jacksonville 1,,4814 Phillips Highway,,,,Jacksonville,32207,FL,USA,,,,,,,,
,,,,Level3,,Jacksonville 2,,608 W. Adams Street,,,,Jacksonville,32204,FL,USA,,,,,,,,
,,,,Level3,,Melbourne 1,,1110 Line Street,,,,Melbourne,32901,FL,USA,,,,,,,,
,,,,Level3,,Miami 3,,200 SE First Street,10th Floor,,,Miami,33131,FL,USA,,,,,,,,
,,,,Level3,,Miami 1,,49 NW 5th Street,,,,Miami,33128,FL,USA,,,,,,,,
,,,,Level3,,Miami 2,,50 NE 9th Street,6th Floor,,,Miami,33132,FL,USA,,,,,,,,
,,,,Level3,,Orlando 1,,380 Lake Destiny Drive,,,,Orlando,32805,FL,USA,,,,,,,,
,,,,Level3,,Orlando 2,,510 W. Columbia Street,,,,Orlando,32805,FL,USA,,,,,,,,
,,,,Level3,,Tallahassee 2,,1416 S. Adams St,,,,Tallahassee,32301,FL,USA,,,,,,,,
,,,,Level3,,Tallahassee 1,,619 Mabry Street,,,,Tallahassee,32304,FL,USA,,,,,,,,
,,,,Level3,,Tampa 3,,1700 N 25th Street,,,,Tampa,33605,FL,USA,,,,,,,,
,,,,Level3,,Tampa 4,,400 N Tampa Street,7th - 8th Floor,,,Tampa,33602,FL,USA,,,,,,,,
,,,,Level3,,Tampa 2,,5907 Hampton Oaks Parkway,Suite F,,,Tampa,33610,FL,USA,,,,,,,,
,,,,Level3,,Tampa 1,,7909 Woodland Center Blvd,,,,Tampa,33614,FL,USA,,,,,,,,
,,,,Level3,,West Palm Beach 1,,410 Hampton Road ,,,,West Palm Beach,33405,FL,USA,,,,,,,,
,,,,Level3,,Atlanta 2,,180 Peachtree Street,,,,Atlanta,30303,GA,USA,,,,,,,,
,,,,Level3,,Atlanta 4,,250 Williams Street,1st Floor,,,Atlanta,30303,GA,USA,,,,,,,,
,,,,Level3,,Atlanta 1,,345 Courtland Street NE,,,,Atlanta,30308,GA,USA,,,,,,,,
,,,,Level3,,Doraville 1,,6855 Crescent Drive,,,,Atlanta,30340,GA,USA,,,,,,,,
,,,,Level3,,Atlanta 6,,874 Dekalb Avenue,1st - 2nd Floor,,,Atlanta,30307,GA,USA,,,,,,,,
,,,,Level3,,Atlanta 5,,953 Donnelly Avenue SW,,,,Atlanta,30310,GA,USA,,,,,,,,
,,,,Level3,,College Park 1,,4311 Best Road,,,,College Park,30337,GA,USA,,,,,,,,
,,,,Level3,,Des Moines 1,,4550 Carlisle Road,,,,Pleasant Hill,50327,IA,USA,,,,,,,,
,,,,Level3,,Arlington Heights 1,,1305 E. Algonquin Road,,,,Arlington Heights,60005,IL,USA,,,,,,,,
,,,,Level3,,Broadview 1,,2101 Roberts Drive,,,,Broadview,60155,IL,USA,,,,,,,,
,,,,Level3,,Chicago 6,,101 N Wacker Drive,3rd Floor,,,Chicago,60606,IL,USA,,,,,,,,
,,,,Level3,,Chicago 1,,111 N. Canal St,,,,Chicago,60606,IL,USA,,,,,,,,
,,,,Level3,,Chicago 3,,200 N. LaSalle Street,,,,Chicago,60601,IL,USA,,,,,,,,
,,,,Level3,,Chicago 5,,600 S. Federal,Suite 600,,,Chicago,60605,IL,USA,,,,,,,,
,,,,Level3,,Chicago 4,,600 W. Chicago Ave.,Suite 325,,,Chicago,60610,IL,USA,,,,,,,,
,,,,Level3,,Chicago 2,,900 N. Kingsbury Street,"1st Floor, Level 3",,,Chicago,60610,IL,USA,,,,,,,,
,,,,Level3,,South Holland 1,,200 E 166th Street,,,,South Holland,60473,IL,USA,,,,,,,,
,,,,Level3,,Indianapolis 1,,1902 S East Street,,,,Indianapolis,46225,IN,USA,,,,,,,,
,,,,Level3,,Indianapolis 2,,700 W. Henry Street,1st Floor,,,Indianapolis,46225,IN,USA,,,,,,,,
,,,,Level3,,South Bend 1,,1140 Franklin Street,,,,South Bend,46601,IN,USA,,,,,,,,
,,,,Level3,,Louisville 2,,715 S 7th Street,,,,Louisville,40203,KY,USA,,,,,,,,
,,,,Level3,,Louisville 1,,848 S 8th Street,,,,Louisville,40203,KY,USA,,,,,,,,
,,,,Level3,,Baton Rouge 2,,9826 Burbank Dr.,,,,Baton Rouge,70810,LA,USA,,,,,,,,
,,,,Level3,,Metairie 1,,3220 Lausat Street,,,,Metairie,70001,LA,USA,,,,,,,,
,,,,Level3,,New Orleans 1,,639 Loyola,Suite 2020,,,New Orleans,70113,LA,USA,,,,,,,,
,,,,Level3,,Boston 1,,One Summer Street,,,,Boston,2110,MA,USA,,,,,,,,
,,,,Level3,,Cambridge 1,,300 Bent Street,,,,"Cambridge(Boston)",2141,MA,USA,,,,,,,,
,,,,Level3,,Springfield 1,,1 Federal Street,Building 104B,,,Springfield,1105,MA,USA,,,,,,,,
,,,,Level3,,Worcester 1,,474 Main Street,,,,Worcester,1608,MA,USA,,,,,,,,
,,,,Level3,,Baltimore 1,,300 W. Lexington Street,3rd Floor,,,Baltimore,21201,MD,USA,,,,,,,,
,,,,Level3,,Baltimore 4,,601 E Pratt Street,4th Floor,,,Baltimore,21202,MD,USA,,,,,,,,
,,,,Level3,,Detroit 3,,1965 Porter,,,,Detroit,48216,MI,USA,,,,,,,,
,,,,Level3,,Lansing 1,,1206 May Street,,,,Lansing,48216,MI,USA,,,,,,,,
,,,,Level3,,Detroit 1,,19675 West Ten Mile Road,2nd - 3rd Floor,,,Southfield,48906,MI,USA,,,,,,,,
,,,,Level3,,Detroit 4,,200 Galleria Officentre,2nd Floor,,,Southfield,48034,MI,USA,,,,,,,,
,,,,Level3,,Minneapolis 1,,222 S 9th Street,Suite 700,,,Minneapolis,55402,MN,USA,,,,,,,,
,,,,Level3,,Minneapolis 2,,511 11th Avenue South,Suite 210,,,Minneapolis,55415,MN,USA,,,,,,,,
,,,,Level3,,Minneapolis 3,,715 N 2nd St,,,,Minneapolis,55401,MN,USA,,,,,,,,
,,,,Level3,,Columbia 1,,3201 Falling Leaf Court,,,,Columbia,65201,MO,USA,,,,,,,,
,,,,Level3,,Kansas City 2,,1100 Main Street,14th Floor,,,Kansas City,64105,MO,USA,,,,,,,,
,,,,Level3,,Kansas City 1,,1100 Walnut Street,Suite 500,,,Kansas City,64105,MO,USA,,,,,,,,
,,,,Level3,,Kansas City 4,,1102 Grand Blvd,Suite 300,,,Kansas City,64106,MO,USA,,,,,,,,
,,,,Level3,,Kansas City 3,,1212 E 19th Street,Suite 100,,,Kansas City,64108,MO,USA,,,,,,,,
,,,,Level3,,St. Louis 1,,1015 Locust Street,,,,St. Louis,63101,MO,USA,,,,,,,,
,,,,Level3,,St. Louis 2,,"900 Walnut Street, ",Suite 124,,,St. Louis,63102,MO,USA,,,,,,,,
,,,,Level3,,Jackson 1,,111 E Capitol Street,Suite 248,,,Jackson,39201,MS,USA,,,,,,,,
,,,,Level3,,Charlotte 3,,1027 N Church Street,,,,Charlotte,28206,NC,USA,,,,,,,,
,,,,Level3,,Charlotte 2,,112 N. Myers Street,,,,Charlotte,28202,NC,USA,,,,,,,,
,,,,Level3,,Charlotte 1,,4021 Rose Lake Drive,,,,Charlotte,28217,NC,USA,,,,,,,,
,,,,Level3,,Greensboro 1,,201 E Creekridge Road,,,,Greensboro,27406,NC,USA,,,,,,,,
,,,,Level3,,Raleigh 2,,1918 Wake Forest Road,,,,Raleigh,27608,NC,USA,,,,,,,,
,,,,Level3,,Raleigh 3,,3440 Tarheel Drive,Suite 105,,,Raleigh,27609,NC,USA,,,,,,,,
,,,,Level3,,Raleigh 1,,5301 Departure Drive,,,,Raleigh,27616,NC,USA,,,,,,,,
,,,,Level3,,Omaha DC,,6805 Pine Street,,,,Omaha,68106,NE,USA,,,,,,,,
,,,,Level3,,Bellevue 1,,1514 Chandler Road,,,,W. Bellevue,68147,NE,USA,,,,,,,,
,,,,Level3,,Monmouth Junction 1,,"4260 US Route 1 North Monmouth Junction",,,,Monmouth Junction,8852,NJ,USA,,,,,,,,
,,,,Level3,,Newark 2,,1085 Raymond Boulevard,6th - 7th Floor,,,Newark,7102,NJ,USA,,,,,,,,
,,,,Level3,,Newark 3,,165 Halsey Street,Suite 625,,,Newark,7102,NJ,USA,,,,,,,,
,,,,Level3,,Newark 1,,165 Halsey Street,7th Floor,,,Newark,7102,NJ,USA,,,,,,,,
,,,,Level3,,Weehawken 1,,300 Boulevard East,,,,Weehawken,7087,NJ,USA,,,,,,,,
,,,,Level3,,Santa Teresa 1,,175 Harrier Drive,,,,Santa Teresa,88008,NM,USA,,,,,,,,
,,,,Level3,,Las Vegas 1,,1 Aerojet Way North,,,,Las Vegas,89030,NV,USA,,,,,,,,
,,,,Level3,,Las Vegas 2,,4485 E Sahara,,,,Las Vegas,89104,NV,USA,,,,,,,,
,,,,Level3,,Reno 1,,220 Gardner Street,,,,Reno,89503,NV,USA,,,,,,,,
,,,,Level3,,Albany 3,,11 North Pearl Street,19th Floor,,,Albany,12207,NY,USA,,,,,,,,
,,,,Level3,,Albany 2,,194 Washington Avenue,Suite 510,,,Albany,12210,NY,USA,,,,,,,,
,,,,Level3,,Albany 1,,316 North Pearl Street,,,,Albany,12207,NY,USA,,,,,,,,
,,,,Level3,,Buffalo 1,,240 Scott Street,,,,Buffalo,14204,NY,USA,,,,,,,,
,,,,Level3,,Buffalo 2,,325 Delaware Avenue,,,,Buffalo,14204,NY,USA,,,,,,,,
,,,,Level3,,Buffalo 3,,715 Delaware Avenue,1st Floor,,,Buffalo,14209,NY,USA,,,,,,,,
,,,,Level3,,East Syracuse 1,,6007 Fair Lakes Rd,,,,East Syracuse,13057,NY,USA,,,,,,,,
,,,,Level3,,New York 1,,111 8th Avenue ,,,,New York,10011,NY,USA,,,,,,,,
,,,,Level3,,New York 7,,601 W 26th Street,,,,New York,10001,NY,USA,,,,,,,,
,,,,Level3,,Garden City 1,,71 Clinton Road,,,,Garden City,11530,NY,USA,,,,,,,,
,,,,Level3,,New York 2,,85 10th Avenue,5th Floor,,,New York,10011,NY,USA,,,,,,,,
,,,,Level3,,New York 2a,,85 10th Avenue,6th Floor,,,New York,10011,NY,USA,,,,,,,,
,,,,Level3,,Rochester 2,,1 Main Street W ,6th Floor,,,Rochester,14614,NY,USA,,,,,,,,
,,,,Level3,,Rochester 1,,95 Fitzhugh Street North,1st Floor,,,Rochester,14614,NY,USA,,,,,,,,
,,,,Level3,,Syracuse 1,,2 Clinton Square,Suite L-40,,,Syracuse,13202,NY,USA,,,,,,,,
,,,,Level3,,Akron 2,,110 S Arlington Street,1st Floor,,,Akron,44306,OH,USA,,,,,,,,
,,,,Level3,,Cincinnati 3,,1428 W. 8th Street,,,,Cincinnati,45203,OH,USA,,,,,,,,
,,,,Level3,,Cincinnati 1,,400 Pike Street ,,,,Cincinnati,45202,OH,USA,,,,,,,,
,,,,Level3,,Cleveland 2,,1228 Euclid,Suite 1010,,,Cleveland,44115,OH,USA,,,,,,,,
,,,,Level3,,Cleveland 5,,15467 Neo Pkwy,,,,Cleveland,44128,OH,USA,,,,,,,,
,,,,Level3,,Cleveland 4,,1621 Euclid Avenue,Suite 518 -WT,,,Cleveland,44115,OH,USA,,,,,,,,
,,,,Level3,,Cleveland 3,,1621 Euclid Avenue,Suite 712 - ICG,,,Cleveland,44115,OH,USA,,,,,,,,
,,,,Level3,,Cleveland 1,,4000 Chester Avenue,Suite 0000,,,Cleveland,44145,OH,USA,,,,,,,,
,,,,Level3,,Cleveland 6,,4000 Chester Avenue,Suite 122,,,Cleveland,44145,OH,USA,,,,,,,,
,,,,Level3,,Columbus 3,,226 N 5th Street,Suite 100,,,Columbus,43215,OH,USA,,,,,,,,
,,,,Level3,,Dayton 2,,130 W 2nd Street,,,,Dayton,45402,OH,USA,,,,,,,,
,,,,Level3,,Dayton 1,,600 S Broadway Street,,,,Dayton,45408,OH,USA,,,,,,,,
,,,,Level3,,Oklahoma City 1,,201 Robert S Kerr Blvd.,Suite 220,,,Oklahoma City,73102,OK,USA,,,,,,,,
,,,,Level3,,Tulsa 1,,18 W. Archer Street,,,,Tulsa,74103,OK,USA,,,,,,,,
,,,,Level3,,Bandon 1,,96614 Wickizer Way,,,,Bandon,97411,OR,USA,,,,,,,,
,,,,Level3,,Eugene 1,,1745 W 5th Avenue,Unit H,,,Eugene,97402,OR,USA,,,,,,,,
,,,,Level3,,Eugene 2,,90470 Prairie Rd,,,,Eugene,97402,OR,USA,,,,,,,,
,,,,Level3,,Portland 1,,1335 NW Northrup Street,,,,Portland,97209,OR,USA,,,,,,,,
,,,,Level3,,Portland 2,,707 SW Washington Ave,Suite 405,,,Portland,97205,OR,USA,,,,,,,,
,,,,Level3,,Lancaster 1,,1720 Hempstead Rd,,,,Lancaster,17601,PA,USA,,,,,,,,
,,,,Level3,,Philadelphia 4,,2401 Locust Street,Suite 401,,,Philadelphia,19103,PA,USA,,,,,,,,
,,,,Level3,,Philadelphia 3,,3020 Market Street,,,,Philadelphia,19104,PA,USA,,,,,,,,
,,,,Level3,,Philadelphia 1,,401 N. Broad Street,Suite 310,,,Philadelphia,19108,PA,USA,,,,,,,,
,,,,Level3,,Philadelphia 2,,701 Market Street,Suite Lower Level,,,Philadelphia,19106,PA,USA,,,,,,,,
,,,,Level3,,Pittsburgh 1,,143 S 25th Street,,,,Pittsburgh,15023,PA,USA,,,,,,,,
,,,,Level3,,Pittsburgh 2,,200 Technology Drive,,,,Pittsburgh,15219,PA,USA,,,,,,,,
,,,,Level3,,Providence 1,,375 Promenade Street,,,,Providence,2908,RI,USA,,,,,,,,
,,,,Level3,,Columbia 2,,520 Whaley St.,,,,Columbia,29201,SC,USA,,,,,,,,
,,,,Level3,,Spartanburg 1,,145 N Church Street,,,,Spartanburg,29306,SC,USA,,,,,,,,
,,,,Level3,,Memphis 1,,3993 Crowfarn Drive,,,,Memphis,38118,TN,USA,,,,,,,,
,,,,Level3,,Nashville 3,,2208 9th Avenue North,,,,Nashville,37208,TN,USA,,,,,,,,
,,,,Level3,,Nashville 2,,2530 Perimeter Place Drive,,,,Nashville,37214,TN,USA,,,,,,,,
,,,,Level3,,Nashville 1,,2990 Sidco Drive,,,,Nashville,37204,TN,USA,,,,,,,,
,,,,Level3,,Amarillo 1,,512 SE 8th Ave. ,,,,Amarillo,79101,TX,USA,,,,,,,,
,,,,Level3,,Austin 2,,1825-A Kramer Lane,Suite 100,,,Austin,78758,TX,USA,,,,,,,,
,,,,Level3,,Austin 1,,4207 Smith School Road,,,,Austin,78744,TX,USA,,,,,,,,
,,,,Level3,,Austin 3,,500 B. Chicon Street,,,,Austin,78702,TX,USA,,,,,,,,
,,,,Level3,,Corpus Christi 1,,4901 Westway Drive,,,,Corpus Christi,78408,TX,USA,,,,,,,,
,,,,Level3,,Dallas 3,,1201 Main Street,Suite C112,,,Dallas,75202,TX,USA,,,,,,,,
,,,,Level3,,Dallas 2,,1950 Stemmons Freeway,Suite 6060,,,Dallas,75207,TX,USA,,,,,,,,
,,,,Level3,,Dallas 5,,2323 Bryan Street,10th Floor,,,Dallas,75201-2603,TX,USA,,,,,,,,
,,,,Level3,,Dallas 1,,3180 Irving Blvd,,,,Dallas,75247,TX,USA,,,,,,,,
,,,,Level3,,Dallas 4,,400 S Akard,5th Floor,,,Dallas,75202,TX,USA,,,,,,,,
,,,,Level3,,El Paso 2,,201 E Main Drive,4th Floor,,,El Paso,79901-1340,TX,USA,,,,,,,,
,,,,Level3,,El Paso 1,,501 W. Overland,,,,El Paso,79936,TX,USA,,,,,,,,
,,,,Level3,,Fort Worth 2,,1101 E 9th Street,,,,Fort Worth,76102,TX,USA,,,,,,,,
,,,,Level3,,Fort Worth 1,,1601 Jones Street,,,,Fort Worth,76102,TX,USA,,,,,,,,
,,,,Level3,,Harlingen 1,,514 E. Monroe Ave,,,,Harlingen,78550,TX,USA,,,,,,,,
,,,,Level3,,Houston 4,,1124 Hardy Street,,,,Houston,77020,TX,USA,,,,,,,,
,,,,Level3,,Houston 1,,12001 I-45,,,,Houston,77003,TX,USA,,,,,,,,
,,,,Level3,,Houston 3,,2300 Lyons Avenue,,,,Houston,77020,TX,USA,,,,,,,,
,,,,Level3,,Laredo 1,,518 Farragut,,,,Laredo,78040,TX,USA,,,,,,,,
,,,,Level3,,Lubbock 1,,1502 Ave. N ,,,,Lubbock,79479,TX,USA,,,,,,,,
,,,,Level3,,McAllen 1,,906 Beech Avenue,,,,McAllen,78505,TX,USA,,,,,,,,
,,,,Level3,,San Antonio 2,,1203 N. Frio Street,,,,San Antonio,78207,TX,USA,,,,,,,,
,,,,Level3,,San Antonio 4,,5130 Service Center Drive,Suite 104,,,San Antonio,78218,TX,USA,,,,,,,,
,,,,Level3,,San Antonio 1,,5130 Service Center Drive,Suite 102,,,San Antonio,78218,TX,USA,,,,,,,,
,,,,Level3,,Stratford 1,,501 W. Texas Avenue,,,,Stratford,79084,TX,USA,,,,,,,,
,,,,Level3,,Waco 1,,1417 Airbase Rd,,,,Waco,76705,TX,USA,,,,,,,,
,,,,Level3,,Wichita Falls 1,,301 Lee Street,,,,Wichita Falls,76301,TX,USA,,,,,,,,
,,,,Level3,,Ogden 1,,526 W 17th Street,,,,Ogden,84404,UT,USA,,,,,,,,
,,,,Level3,,Salt Lake City 4,,3670 W 500 S,,,,Salt Lake City,84104,UT,USA,,,,,,,,
,,,,Level3,,Salt Lake City 2,,5035 Harold Gatty Drive,,,,Salt Lake City,84104,UT,USA,,,,,,,,
,,,,Level3,,Salt Lake City 1,,572 S Delong Street,,,,Salt Lake City,84104,UT,USA,,,,,,,,
,,,,Level3,,Herndon 2,,251 Exchange Place,,,,Herndon,20170,VA,USA,,,,,,,,
,,,,Level3,,Herndon 1,,520 Van Buren Street,,,,Herndon,20170,VA,USA,,,,,,,,
,,,,Level3,,Herndon 3,,524 Van Buren St,,,,Herndon,20170,VA,USA,,,,,,,,
,,,,Level3,,McLean 1,,1755 /1757 Old Meadow Road,1st - 2nd Floor,,,McLean,20170,VA,USA,,,,,,,,
,,,,Level3,,Richmond 2,,8145 Staples Mill Road,,,,Richmond,23228,VA,USA,,,,,,,,
,,,,Level3,,Richmond 1,,8851 Park Central Drive,,,,Richmond,23227,VA,USA,,,,,,,,
,,,,Level3,,South Burlington 1,,102 Kimball Ave,,,,South Burlington,5403,VT,USA,,,,,,,,
,,,,Level3,,Seattle 1,,1000 Denny Way,Suite 400,,,Seattle,98109,WA,USA,,,,,,,,
,,,,Level3,,Seattle 3,,1505 5th Avenue,,,,Seattle,98101,WA,USA,,,,,,,,
,,,,Level3,,Seattle 2,,2001 6th Avenue,15th Floor,,,Seattle,98121-2855,WA,USA,,,,,,,,
,,,,Level3,,Madison 1,,612 W Main Street,,,,Madison,53703,WI,USA,,,,,,,,
,,,,Level3,,Albany 4,,10 Airline Dr,,,,Albany,12205,NY,USA,,,,,,,,
,,,,Level3,,Albany 5,,107 Hermes Rd.,,,,Albany,12020,NY,USA,,,,,,,,
,,,,Level3,,Albuquerque 1,,3830 Singer Blvd NE,,,,Albuquerque,87109,NM,USA,,,,,,,,
,,,,Level3,,Austin 4,,2916 Montopolis Dr,,,,Austin,78741,TX,USA,,,,,,,,
,,,,Level3,,Bakersfield 2,,1430 Truxtun Ave,,,,Bakersfield,93301,CA,USA,,,,,,,,
,,,,Level3,,Boise 1,,2223 W Airport Way,,,,Boise,83702,ID,USA,,,,,,,,
,,,,Level3,,Charlotte 4,,5001 Airport Center Pkwy,,,,Charlotte,28208,NC,USA,,,,,,,,
,,,,Level3,,Cincinnati 4,,9490 Meridian Way,,,,Cincinnati,45069,OH,USA,,,,,,,,
,,,,Level3,,Columbia 3,,1401 Main St,,,,Columbia,29203,SC,USA,,,,,,,,
,,,,Level3,,Columbus 4,,226 N 5th St,,,,Columbus,43215,OH,USA,,,,,,,,
,,,,Level3,,Columbus 5,,345 N. 2nd St.,,,,Columbus,43201,OH,USA,,,,,,,,
,,,,Level3,,Dallas 6,,1150 Regal Row,,,,Dallas,75247,TX,USA,,,,,,,,
,,,,Level3,,Dayton 3,,1 S Main St,,,,Dayton,45402,OH,USA,,,,,,,,
,,,,Level3,,Denver 5,,14200 E Jewell Ave,,,,Denver,80012,CO,USA,,,,,,,,
,,,,Level3,,Fresno 2,,7576 N Del Mar Ave,,,,Fresno,93711,CA,USA,,,,,,,,
,,,,Level3,,Fort Worth 3,,515 Houston St,,,,Fort Worth,76102,TX,USA,,,,,,,,
,,,,Level3,,Greensboro 2,,496 Gallimore Dairy Rd,,,,Greensboro,27409,NC,USA,,,,,,,,
,,,,Level3,,Honolulu 1,,3375 Koapaka St,,,,Honolulu,96819,HI,USA,,,,,,,,
,,,,Level3,,Houston 5,,7060 Empire Central Dr,,,,Houston,77040,TX,USA,,,,,,,,
,,,,Level3,,Indianapolis 3,,4625 W 86th St,,,,Indianapolis,46268,IN,USA,,,,,,,,
,,,,Level3,,Las Vegas 3,,3944 E Silvestri Ln,,,,Las Vegas,89120,NV,USA,,,,,,,,
,,,,Level3,,Louisville 3,,332 W. Broadway,17th Floor,,,Louisville,40202,KY,USA,,,,,,,,
,,,,Level3,,Memphis 2,,5425 E Raines Rd,,,,Memphis,38115,TN,USA,,,,,,,,
,,,,Level3,,Milwaukee 1,,3235 Intertech Dr,,,,Milwaukee,53045,WI,USA,,,,,,,,
,,,,Level3,,Minneapolis 4,,511 11th Ave S,,,,Minneapolis,55415,MN,USA,,,,,,,,
,,,,Level3,,Minneapolis 6,,5500 Feltl Rd,,,,Minneapolis,55343,MN,USA,,,,,,,,
,,,,Level3,,Minneapolis 5,,5480 Feltl Rd,,,,Minneapolis,55343,MN,USA,,,,,,,,
,,,,Level3,,Nashville 4,,708 Melrose Ave,,,,Nashville,37211,TN,USA,,,,,,,,
,,,,Level3,,New Orleans 2,,1250 Poydras St,Suite 500,,,New Orleans,70113,LA,USA,,,,,,,,
,,,,Level3,,Irvine 1,,7 Mason,,,,Irvine,92618,CA,USA,,,,,,,,
,,,,Level3,,Orlando 3,,7003 Presidents Dr,,,,Orlando,32809,FL,USA,,,,,,,,
,,,,Level3,,Portland 3,,14197 SW Millikan Way,,,,Portland,97005,OR,USA,,,,,,,,
,,,,Level3,,Raleigh 4,,924 Ellis Rd,,,,Raleigh,27703,NC,USA,,,,,,,,
,,,,Level3,,Rochester 3,,150 Mile Crossing Blvd,,,,Rochester,14624,NY,USA,,,,,,,,
,,,,Level3,,San Antonio 3,,214 E Ramsey Rd,,,,San Antonio,78216,TX,USA,,,,,,,,
,,,,Level3,,Seattle 4,,223 Taylor Ave N,,,,Seattle,98109,WA,USA,,,,,,,,
,,,,Level3,,Seattle 5,,22722 29th Drive SE,,,,Seattle,98011,WA,USA,,,,,,,,
,,,,Level3,,Tucson 2,,3836 S Evans Blvd,,,,Tucson,85714,AZ,USA,,,,,,,,